equipment,model,sub_model,manufacturer,losses_total,abandoned,abandoned and destroyed,captured,captured and destroyed,captured and stripped,damaged,damaged and abandoned,damaged and captured,damaged beyond economical repair,defected and captured,destroyed,destroyed in a non-combat related incident,sunk
Tanks,T-54-3M,,the Soviet Union,2,,,,,,,1.0,,,,1.0,,
Tanks,T-54B,,the Soviet Union,2,,,,,,,,,,,2.0,,
Tanks,T-55A,,the Soviet Union,3,,,,,,1.0,,,,,2.0,,
Tanks,T-55A Obr. 1981,,the Soviet Union,1,,,,,,,,,,,1.0,,
Tanks,Unknown T-54/55,,the Soviet Union,6,,,,,,,2.0,,,,4.0,,
Tanks,T-62 Obr. 1967,,the Soviet Union,5,,,1.0,,,,,,,,4.0,,
Tanks,T-62 Obr. 1972,,the Soviet Union,2,1.0,,,,,,,,,,1.0,,
Tanks,T-62 Obr. 1975,,the Soviet Union,1,,,,,,,,,,,1.0,,
Tanks,T-62M,,the Soviet Union,137,2.0,,29.0,,,9.0,6.0,5.0,,,86.0,,
Tanks,T-62M Obr. 2022,,Russia,49,2.0,,1.0,,,2.0,1.0,,,,43.0,,
Tanks,T-62MV,,the Soviet Union,36,1.0,,9.0,,,1.0,2.0,1.0,,,22.0,,
Tanks,T-62MV Obr. 2022,,Russia,10,,,,,,1.0,1.0,,,,8.0,,
Tanks,Unknown T-62,,Russia,39,2.0,,,,,,3.0,,,,34.0,,
Tanks,T-64A,,the Soviet Union,3,,,,,,1.0,,,,,2.0,,
Tanks,T-64BV,,the Soviet Union,93,2.0,,2.0,,1.0,10.0,5.0,1.0,,,72.0,,
Tanks,T-64BVK,,the Soviet Union,2,,,,,,,,,,,2.0,,
Tanks,Unknown T-64,,the Soviet Union,1,,,,,,,,,,,1.0,,
Tanks,T-72 'Ural',,the Soviet Union,5,1.0,,,,,,1.0,,,,3.0,,
Tanks,T-72A,,the Soviet Union,47,1.0,,9.0,1.0,,1.0,6.0,,,,29.0,,
Tanks,T-72AV,,the Soviet Union,28,,,3.0,,,,2.0,1.0,,,22.0,,
Tanks,T-72B,,the Soviet Union,356,16.0,,58.0,3.0,,8.0,11.0,6.0,,,254.0,,
Tanks,T-72B Obr. 1989,,the Soviet Union,115,4.0,1.0,16.0,1.0,1.0,4.0,9.0,3.0,,,76.0,,
Tanks,T-72B Obr. 2022,,Russia,169,11.0,,1.0,,,3.0,27.0,,,,127.0,,
Tanks,T-72BA,,Russia,31,,,15.0,,,2.0,,,,,14.0,,
Tanks,T-72B3,,Russia,376,6.0,,66.0,2.0,,25.0,17.0,10.0,,,250.0,,
Tanks,T-72B3 Obr. 2014,,Russia,4,,,2.0,,,,,,,,2.0,,
Tanks,T-72B3 Obr. 2016,,Russia,295,4.0,3.0,94.0,,,6.0,4.0,12.0,,,172.0,,
Tanks,T-72B3 Obr. 2022,,Russia,100,1.0,,4.0,,,3.0,8.0,,,,84.0,,
Tanks,T-72B3 Obr. 2025,,Russia,1,,,,,,,,,,,1.0,,
Tanks,Unknown T-72,,Russia,209,8.0,,3.0,,,16.0,7.0,,,,175.0,,
Tanks,T-80B,,the Soviet Union,4,,,,,,,,,,,4.0,,
Tanks,T-80BV,,the Soviet Union,691,15.0,1.0,70.0,1.0,2.0,20.0,58.0,7.0,,,517.0,,
Tanks,T-80BV Obr. 2022,,Russia,108,1.0,,,,,,9.0,,,,98.0,,
Tanks,T-80BVK,,the Soviet Union,4,,,1.0,,,,,,,,3.0,,
Tanks,T-80U,,Russia,104,5.0,3.0,38.0,,2.0,1.0,1.0,5.0,,,49.0,,
Tanks,T-80UK,,Russia,2,,1.0,1.0,,,,,,,,,,
Tanks,T-80UE-1,,Russia,8,,,4.0,,,,,,,,4.0,,
Tanks,T-80UM2,,Russia,1,,,,,,,,,,,1.0,,
Tanks,T-80BVM,,Russia,144,,,26.0,1.0,1.0,6.0,10.0,4.0,,,96.0,,
Tanks,T-80BVM Obr. 2022,,Russia,84,,,4.0,1.0,,,8.0,1.0,,,70.0,,
Tanks,Unknown T-80,,Russia,42,2.0,,2.0,,,2.0,4.0,,,,32.0,,
Tanks,T-90A,,Russia,43,1.0,1.0,10.0,1.0,,,2.0,,,,28.0,,
Tanks,T-90AK,,Russia,1,,,,1.0,,,,,,,,,
Tanks,T-90S,,Russia,11,,,1.0,,,,1.0,,,,9.0,,
Tanks,T-90M,,Russia,138,3.0,,7.0,,,16.0,26.0,,,,86.0,,
Tanks,Unknown tank,,Russia,539,27.0,,,,,20.0,44.0,,,,448.0,,
Armoured Fighting Vehicles,BMPT Terminator,,Russia,3,,,,,,2.0,,,,,1.0,,
Armoured Fighting Vehicles,BRM-1(K) reconnaissance vehicle,,the Soviet Union,46,1.0,,9.0,,,2.0,2.0,,,,32.0,,
Armoured Fighting Vehicles,BRM-1 675-sb3KDZ,,Russia,1,,,,,,,,,,,1.0,,
Armoured Fighting Vehicles,BRM-1KM reconnaissance vehicle,,Russia,6,,,1.0,,,,,,,,5.0,,
Armoured Fighting Vehicles,BRM-1KM 675-sb3KDZ,,Russia,2,,,,,,,,,,,2.0,,
Armoured Fighting Vehicles,BRDM-2,,the Soviet Union,6,,,2.0,,,,,,,,4.0,,
Armoured Fighting Vehicles,BRDM-2M/A,,Russia,5,,,,,,,,,,,5.0,,
Armoured Fighting Vehicles,BRDM-2MS,,Russia,1,,,,,,,,,,,1.0,,
Armoured Fighting Vehicles,BRDM-2RKhb chemical reconnaissance vehicle,,the Soviet Union,4,,,2.0,,,,,,,,2.0,,
Armoured Fighting Vehicles,BRDM-2-based ZS-82 PsyOps vehicle,,the Soviet Union,2,,,1.0,,,,,,,,1.0,,
Armoured Fighting Vehicles,BTR-80-based ZS-88 PsyOps vehicle,,the Soviet Union,1,,,,,,,,,,,1.0,,
Armoured Fighting Vehicles,BTR-80 with 57mm UB-32 unguided aircraft rocket pods,,the Soviet Union,1,,,,,,1.0,,,,,,,
Armoured Fighting Vehicles,MT-LB,,the Soviet Union,1388,49.0,,141.0,1.0,,18.0,28.0,6.0,,,1145.0,,
Armoured Fighting Vehicles,MT-LBVM and MT-LBVMK,,the Soviet Union,236,9.0,,90.0,,,,1.0,3.0,,,133.0,,
Armoured Fighting Vehicles,MT-LB with ZU-23 AA gun,,the Soviet Union,50,,,11.0,,,1.0,,,,,38.0,,
Armoured Fighting Vehicles,MT-LB With 14.5mm BPU-1 Turret,,the Soviet Union,5,,,,,,,,,,,5.0,,
Armoured Fighting Vehicles,MT-LB with 14.5mm 2M-7 naval gun mount,,the Soviet Union,1,,,1.0,,,,,,,,,,
Armoured Fighting Vehicles,MT-LB with AZP S-60 AA gun,,the Soviet Union,4,,,,,,,,,,,4.0,,
Armoured Fighting Vehicles,MT-LB with 100mm MT-12 anti-tank gun,,the Soviet Union,3,,,,,,,,,,,3.0,,
Armoured Fighting Vehicles,MT-LB with 82-mm automatic mortar 2B9 Vasilek,,the Soviet Union,2,,,,,,1.0,,,,,1.0,,
Armoured Fighting Vehicles,MT-LB with 25mm 2M-3 naval gun,,the Soviet Union,1,,,,,,,,,,,1.0,,
Armoured Fighting Vehicles,MT-LBVMK with ZU-23 AA gun,,the Soviet Union,1,,,,,,,,,,,1.0,,
Armoured Fighting Vehicles,MT-LBVM(K) with 25mm 2M-3 naval gun,,the Soviet Union,1,,,,,,,,,,,1.0,,
Armoured Fighting Vehicles,MT-LBu,,the Soviet Union,29,1.0,,3.0,,,,2.0,,,,23.0,,
Armoured Fighting Vehicles,MT-LBu with 57mm S-60,,the Soviet Union,2,,,,,,,,,,,2.0,,
Armoured Fighting Vehicles,MT-LBu with 100mm MT-12 anti-tank gun,,the Soviet Union,1,,,,,,,,,,,1.0,,
Armoured Fighting Vehicles,BMP-1 With 14.5mm BPU-1 Turret,,the Soviet Union,1,,,,,,,,,,,1.0,,
Armoured Fighting Vehicles,Vityaz DT-10PM articulated tracked carrier,,Russia,1,,,,,,,,,,,1.0,,
Armoured Fighting Vehicles,Vityaz DT-30 articulated tracked carrier,,Russia,4,,,1.0,,,,,2.0,,,1.0,,
Armoured Fighting Vehicles,GAZ-3344-20 'Aleut' articulated tracked carrier,,Russia,3,,,,,,,,,,,3.0,,
Armoured Fighting Vehicles,2S1 with ZU-23 AA gun,,the Soviet Union,1,,,1.0,,,,,,,,,,
Armoured Fighting Vehicles,Unknown BTR-D/BMD-2,,the Soviet Union,12,,,,,,,,,,,12.0,,
Armoured Fighting Vehicles,BMM-80 ambulance,,the Soviet Union,2,,,,,,,,,,,2.0,,
Armoured Fighting Vehicles,Unknown AFV,,Russia,347,12.0,,1.0,,,11.0,5.0,,,,318.0,,
Infantry Fighting Vehicles,BMP-1(P),,the Soviet Union,937,22.0,,85.0,1.0,,28.0,70.0,9.0,,,722.0,,
Infantry Fighting Vehicles,BMP-1 675-sb3KDZ,,Russia,50,1.0,,,,,,5.0,,,,44.0,,
Infantry Fighting Vehicles,BMP-1AM,,Russia,52,3.0,,5.0,1.0,,4.0,2.0,3.0,,,34.0,,
Infantry Fighting Vehicles,BMP-1AM 675-sb3KDZ,,Russia,55,,,1.0,,,,1.0,,,,53.0,,
Infantry Fighting Vehicles,BMP-1U 'Shkval',,Ukraine,4,,,,,,1.0,1.0,,,,2.0,,
Infantry Fighting Vehicles,BMP-2(K),,the Soviet Union,1538,41.0,,219.0,1.0,,38.0,73.0,23.0,,,1143.0,,
Infantry Fighting Vehicles,BMP-2(K),with ZU-23 cannon,the Soviet Union,1,,,,,,,,,,,1.0,,
Infantry Fighting Vehicles,BMP-2D,,the Soviet Union,18,,,5.0,,,,,,,,13.0,,
Infantry Fighting Vehicles,BMP-2 675-sb3KDZ,,Russia,427,8.0,,1.0,1.0,,3.0,35.0,1.0,,,378.0,,
Infantry Fighting Vehicles,BMP-2M Berezhok,,Russia,46,1.0,,7.0,,,2.0,2.0,1.0,,,33.0,,
Infantry Fighting Vehicles,BMP-2M 675-sb3KDZ,,Russia,28,,,,,,,2.0,,,,26.0,,
Infantry Fighting Vehicles,Unknown BMP-1/2,,the Soviet Union,318,10.0,,,,,5.0,17.0,,,,286.0,,
Infantry Fighting Vehicles,Unknown BMP-1/2 675-sb3KDZ,,Russia,7,1.0,,,,,,,,,,6.0,,
Infantry Fighting Vehicles,BMP-3,,Russia,448,20.0,,49.0,,,21.0,19.0,5.0,,,334.0,,
Infantry Fighting Vehicles,BMP-3 Obr. 2020,,Russia,46,,,10.0,,,,3.0,3.0,,,30.0,,
Infantry Fighting Vehicles,BMP-3 688A-sb6-2KP,,Russia,236,10.0,,1.0,,,3.0,19.0,,,,203.0,,
Infantry Fighting Vehicles,BMP-3 4S24 NKDZ,,Russia,2,,,,,,,,,,,2.0,,
Infantry Fighting Vehicles,MT-LBM 6MB,,Russia,21,1.0,,2.0,,,2.0,,1.0,,,15.0,,
Infantry Fighting Vehicles,BMD-2,,the Soviet Union,404,11.0,,50.0,,2.0,7.0,17.0,3.0,,,314.0,,
Infantry Fighting Vehicles,BMD-2,with RP-337VM1 jammer,the Soviet Union,2,,,1.0,,,,,,,,1.0,,
Infantry Fighting Vehicles,BMD-2,with RP-377VM1 jammer,the Soviet Union,1,,,1.0,,,,,,,,,,
Infantry Fighting Vehicles,BMD-4M,,Russia,172,5.0,,9.0,,,5.0,7.0,2.0,,,144.0,,
Infantry Fighting Vehicles,BMD-4M Obr. 2024,,Russia,4,,,,,,,,,,,4.0,,
Infantry Fighting Vehicles,Unknown BMP-3 or BMD-4M,,Russia,4,,,,,,,,,,,4.0,,
Infantry Fighting Vehicles,BTR-82A(M),,Russia,843,10.0,,112.0,,1.0,29.0,30.0,6.0,,,655.0,,
Infantry Fighting Vehicles,BTR-82AT,,Russia,362,7.0,,15.0,,,8.0,20.0,,,,312.0,,
Armoured Personnel Carriers,BTR-50,,the Soviet Union,7,,,,,,,1.0,,,,6.0,,
Armoured Personnel Carriers,BTR-50 with BPU-1 turret,,the Soviet Union,5,1.0,,,,,,1.0,,,,3.0,,
Armoured Personnel Carriers,BTR-60PB,,the Soviet Union,2,,,,,,1.0,,,,,1.0,,
Armoured Personnel Carriers,BTR-70,,the Soviet Union,20,,,1.0,,,1.0,,,,,18.0,,
Armoured Personnel Carriers,BTR-70M,,Russia,19,,,1.0,,,,,,,,18.0,,
Armoured Personnel Carriers,BTR-80,,the Soviet Union,282,12.0,,56.0,,,4.0,8.0,2.0,,,200.0,,
Armoured Personnel Carriers,Unknown BTR-80/82,,Russia,86,3.0,,,,,6.0,3.0,,,,74.0,,
Armoured Personnel Carriers,Remdiesel Z-STS Akhmat,,Russia,78,2.0,,1.0,,,2.0,3.0,,,,70.0,,
Armoured Personnel Carriers,Ural-VV,,Russia,6,,,1.0,,,,,,,,5.0,,
Armoured Personnel Carriers,BTR-D,,the Soviet Union,105,5.0,,21.0,1.0,,1.0,1.0,2.0,,,74.0,,
Armoured Personnel Carriers,BTR-MDM Rakushka,,Russia,52,1.0,,8.0,,,3.0,1.0,,,,39.0,,
Armoured Personnel Carriers,Plastun-SN,,Russia,1,,,,,,,,,,,1.0,,
Armoured Personnel Carriers,BMO-T,,Russia,4,,,1.0,,,,,,,,3.0,,
Armoured Personnel Carriers,"VTS 'Ladoga' heavy command, staff and reconnaissance vehicle",,the Soviet Union,1,,,,,,,,,,,1.0,,
Mine-Resistant Ambush Protected,KamAZ-63968 Typhoon,,Russia,28,,,5.0,,,2.0,1.0,1.0,,,19.0,,
Mine-Resistant Ambush Protected,KamAZ-435029 Patrol-A,,Russia,3,,,,,,1.0,,,,,2.0,,
Mine-Resistant Ambush Protected,KamAZ-53949 Typhoon-K,,Russia,14,,,1.0,,,,,,,,13.0,,
Mine-Resistant Ambush Protected,KamAZ-53949 'Typhoon-K' with 5ETs16U 'Okhotnik',,Russia,1,,,,,,,,,,,1.0,,
Mine-Resistant Ambush Protected,KamAZ-53949 Linza,,Russia,14,,,3.0,,,1.0,,1.0,,,9.0,,
Mine-Resistant Ambush Protected,ZSA-Т Armoured Ambulance,,Russia,1,,,,,,1.0,,,,,,,
Infantry Mobility Vehicles,BPM-97 Vystrel,,Russia,5,,,3.0,,,,,,,,2.0,,
Infantry Mobility Vehicles,GAZ-233036 SPM-2 'Tigr',,Russia,6,,,1.0,,,,,,,,5.0,,
Infantry Mobility Vehicles,GAZ-233014 'Tigr',,Russia,11,,,4.0,1.0,,,,,,,6.0,,
Infantry Mobility Vehicles,AMN-233114 'Tigr-M',,Russia,12,,,1.0,,,,,,,,11.0,,
Infantry Mobility Vehicles,AMN-233114 'Tigr-M' with 'Arbalet-DM',,Russia,12,,,1.0,,,,,,,,11.0,,
Infantry Mobility Vehicles,ASN-233115 'Tigr-M SpN',,Russia,206,3.0,,27.0,,,7.0,,1.0,,,168.0,,
Infantry Mobility Vehicles,VPK-233136 SBM 'Tigr',,Russia,6,,,2.0,,,1.0,,,,,3.0,,
Infantry Mobility Vehicles,AMN-590951 VPK Ural,,Russia,68,3.0,,3.0,,,5.0,4.0,,,,53.0,,
Infantry Mobility Vehicles,Iveco LMV Rys,,Italy,34,,1.0,1.0,,,3.0,,4.0,,,25.0,,
Infantry Mobility Vehicles,GAZ-39371 'Vodnik',,Russia,2,,,2.0,,,,,,,,,,
Infantry Mobility Vehicles,Asteys-7020 'Patrol',,Russia,13,,,,,,,1.0,,,,12.0,,
Infantry Mobility Vehicles,RIDA 'Buran ASV',,Russia,5,,,1.0,,,,1.0,,,,3.0,,
Infantry Mobility Vehicles,STS Sarmat-3,,Russia,4,,,,,,2.0,,,,,2.0,,
Infantry Mobility Vehicles,TS-3132 'Gusar',,Russia,5,,,1.0,,,,,,,,4.0,,
Infantry Mobility Vehicles,Unknown IMV,,Russia,5,,,,,,,,,,,5.0,,
Command Posts And Communications Stations,BMP-1KSh command and staff vehicle,,the Soviet Union,13,,,5.0,,,,,,,,8.0,,
Command Posts And Communications Stations,BMD-1KSh-A command vehicle,,the Soviet Union,12,,,4.0,,,,,,,,8.0,,
Command Posts And Communications Stations,BTR-60PU-12command vehicle,,the Soviet Union,1,,,1.0,,,,,,,,,,
Command Posts And Communications Stations,R-145BM command vehicle,,the Soviet Union,2,,,1.0,,,,,,,,1.0,,
Command Posts And Communications Stations,R-145BM1 command vehicle,,the Soviet Union,9,,,1.0,,,,,,,,8.0,,
Command Posts And Communications Stations,9S470M1 command vehicle for Buk-M1,,the Soviet Union,1,,,,,,,,,,,1.0,,
Command Posts And Communications Stations,R-145BMA command vehicle,,Russia,2,,,,1.0,,,,,,,1.0,,
Command Posts And Communications Stations,R-142NSA command and signals vehicle,,the Soviet Union,2,,,,,,,,,,,2.0,,
Command Posts And Communications Stations,R-149MA1 command and staff vehicle,,Russia,86,1.0,,27.0,,,2.0,1.0,2.0,,,53.0,,
Command Posts And Communications Stations,R-149MA3 command and staff vehicle,,Russia,40,,,19.0,,,,,4.0,,,17.0,,
Command Posts And Communications Stations,R-149MA3 command and staff vehicle,with RP-337VM1 jammer,Russia,1,,,,,,,,,,,1.0,,
Command Posts And Communications Stations,APE-5 command post,,Russia,6,,,,,,,,,,,6.0,,
Command Posts And Communications Stations,MSh-5350.1 command vehicle,,Russia,2,,,1.0,,,,,,,,1.0,,
Command Posts And Communications Stations,9S470M1 (or variant thereof) command post (for Buk-M1/2),,Russia,2,,,1.0,,,,,,,,1.0,,
Command Posts And Communications Stations,Barnaul-T 9С932-1 automated system for air defence units,,Russia,7,,,4.0,,,,,,,,3.0,,
Command Posts And Communications Stations,"9S932-2 intelligence, control and command vehicle (for Barnaul-T)",,Russia,1,,,1.0,,,,,,,,,,
Command Posts And Communications Stations,Command vehicle for Podlet-K1 low-altitude S-band surveillance radar,,Russia,1,,,,,,,,,,,1.0,,
Command Posts And Communications Stations,55K6A command post for S-400,,Russia,2,,,,,,,,,,,2.0,,
Command Posts And Communications Stations,R-149AKSh-1 command and signals vehicle,,Russia,23,,,1.0,,,2.0,,,,,20.0,,
Command Posts And Communications Stations,R-149BMRg command and signals vehicle,,Russia,3,,,1.0,,,,,,,,2.0,,
Command Posts And Communications Stations,R-161 signals vehicle,,Russia,1,,,,,,,,,,,1.0,,
Command Posts And Communications Stations,R-166-0.5 signals vehicle,,Russia,24,,,6.0,,,,,,,,18.0,,
Command Posts And Communications Stations,P-240 digital communications vehicle,,Russia,1,,,,,,,,,,,1.0,,
Command Posts And Communications Stations,P-260-U signals vehicle (for Redut-2US signal and communications system),,Russia,1,,,,1.0,,,,,,,,,
Command Posts And Communications Stations,R-431AM antenna module for the Redut-2US communications system,,Russia,3,,,,,,,,,,,3.0,,
Command Posts And Communications Stations,R-419L1 communications station,,Russia,3,,,,,,,,,,,3.0,,
Command Posts And Communications Stations,MP-1IM signals vehicle,,Russia,11,,,3.0,,,,,,,,8.0,,
Command Posts And Communications Stations,MP-2IM signals vehicle,,Russia,2,,,1.0,,,,,,,,1.0,,
Command Posts And Communications Stations,R-439-MD2 SatCom Station,,Russia,2,,,,,,,,,,,2.0,,
Command Posts And Communications Stations,R-441 SatCom station,,Russia,1,,,,,,,,,,,1.0,,
Command Posts And Communications Stations,Auriga-1.2V portable satellite communications station,,Russia,3,,,1.0,,,,,,,,2.0,,
Command Posts And Communications Stations,R-381T2M radio monitoring station from a modernised R-381TM Taran-M automatic signals intelligence complex,,Russia,5,,,1.0,,,,,,,,4.0,,
Command Posts And Communications Stations,Orlan-10 UAV control station,,Russia,2,,,,,,,,,,,2.0,,
Command Posts And Communications Stations,Lancet loitering munition launcher and control station,,Russia,1,,,,,,,,,,,1.0,,
Command Posts And Communications Stations,P-230T command vehicle,,Russia,3,,,,,,,,,,,3.0,,
Command Posts And Communications Stations,MPUS-K mobile command post,,Russia,2,,,,,,,,,,,2.0,,
Command Posts And Communications Stations,R-416GM radio relay station,,Russia,1,,,,,,1.0,,,,,,,
Command Posts And Communications Stations,R-412A 'Torf' tropospheric communication station,,Russia,1,,,,,,,,,,,1.0,,
Command Posts And Communications Stations,AShT-4310 topographic command and staff vehicle,,Russia,1,,,,,,,,,,,1.0,,
Command Posts And Communications Stations,SA-14RM/SM encryption command post based on KamAZ 6x6,,Russia,1,,,1.0,,,,,,,,,,
Command Posts And Communications Stations,Command post for 51U6 'Kasta-2E1' surveillance radar,,Russia,1,,,,,,,,,,,1.0,,
Command Posts And Communications Stations,Command post based on Ural-4320 for 35N6 'Kasta' surveillance radar,,Russia,1,,,,,,,,,,,1.0,,
Command Posts And Communications Stations,Unknown communications station based on the KamAZ 6x6,,Russia,6,,,,,,,,,,,6.0,,
Command Posts And Communications Stations,Unknown UAV control station,,Russia,1,,,,,,,,,,,1.0,,
Command Posts And Communications Stations,Unknown command vehicle based on AMN-233114 'Tigr-M',,Russia,4,,,,,,,,,,,4.0,,
Command Posts And Communications Stations,Unknown communications or EW station,,Russia,4,,,,,,,,,,,4.0,,
Engineering Vehicles And Equipment,UR-67 mine clearing charge on BTR-D APC,,the Soviet Union,1,,,1.0,,,,,,,,,,
Engineering Vehicles And Equipment,UR-77 'Meteorit'  mine clearing vehicle,,the Soviet Union,37,1.0,,18.0,,,,,,,,18.0,,
Engineering Vehicles And Equipment,GMZ-3 minelayer,,the Soviet Union,7,,,3.0,,,,,,,,4.0,,
Engineering Vehicles And Equipment,RKhM-4 CBRN reconnaissance vehicle,,Russia,2,,,,,,,,,,,2.0,,
Engineering Vehicles And Equipment,RKhM-6 Povozka CBRN reconnaissance vehicle,,Russia,10,,,1.0,,,,,,,,9.0,,
Engineering Vehicles And Equipment,RKhM-6 Povozka CBRN reconnaissance vehicle,with RP-377VM1 jammer,Russia,1,,,,,,,,,,,1.0,,
Engineering Vehicles And Equipment,BAT-2 heavy engineering vehicle,,the Soviet Union,15,,,3.0,,,3.0,1.0,,,,8.0,,
Engineering Vehicles And Equipment,MDK-3 trench-digging vehicle,,the Soviet Union,3,,,1.0,,,1.0,,,,,1.0,,
Engineering Vehicles And Equipment,PZM-2 trench-digging vehicle,,the Soviet Union,2,,,1.0,,,,,,,,1.0,,
Engineering Vehicles And Equipment,BTM-3 trench digger,,the Soviet Union,1,,,,,,,,,,,1.0,,
Engineering Vehicles And Equipment,BTS-4A armoured recovery vehicle,,the Soviet Union,25,2.0,,1.0,,,4.0,1.0,,,,17.0,,
Engineering Vehicles And Equipment,BTS-4V armoured recovery vehicle,,the Soviet Union,1,,,,,,,,,,,1.0,,
Engineering Vehicles And Equipment,BREM-1 armoured recovery vehicle,,the Soviet Union,97,10.0,,17.0,,,1.0,9.0,,,,60.0,,
Engineering Vehicles And Equipment,BREM-2 armoured recovery vehicle,,the Soviet Union,2,,,1.0,,,,,,,,1.0,,
Engineering Vehicles And Equipment,BREM-Ch ''BREM-4'' armoured recovery vehicle,,the Czech Republic,4,,,1.0,,,,,,,,3.0,,
Engineering Vehicles And Equipment,BREM-D armoured recovery vehicle,,Russia,3,,,2.0,,,,,,,,1.0,,
Engineering Vehicles And Equipment,BREM-K armoured recovery vehicle,,Russia,4,,,3.0,,,,,,,,1.0,,
Engineering Vehicles And Equipment,REM-KL recovery vehicle,,Russia,15,,,1.0,,,1.0,,,,,13.0,,
Engineering Vehicles And Equipment,BREM-L armoured recovery vehicle,,Russia,9,1.0,,,,,1.0,1.0,,,,6.0,,
Engineering Vehicles And Equipment,MTP-A2 recovery vehicle,,Russia,4,1.0,,,,,,,,,,3.0,,
Engineering Vehicles And Equipment,MTP-A2.1 recovery vehicle,,Russia,7,,,2.0,,,,,,,,5.0,,
Engineering Vehicles And Equipment,Ural-4320 KET-L recovery vehicle,,Russia,4,,,2.0,,,,,,,,2.0,,
Engineering Vehicles And Equipment,Ural-4320 KT-L recovery vehicle,,Russia,6,,,2.0,,,,,,,,4.0,,
Engineering Vehicles And Equipment,KrAZ-260 KT-L recovery vehicle,,the Soviet Union,1,,,,,,,,,,,1.0,,
Engineering Vehicles And Equipment,IMR-1 combat engineering vehicle,,the Soviet Union,2,1.0,,,,,,,,,,1.0,,
Engineering Vehicles And Equipment,IMR-2(M) combat engineering vehicle,,the Soviet Union,49,4.0,1.0,11.0,,,2.0,8.0,1.0,,,22.0,,
Engineering Vehicles And Equipment,IMR-3M combat engineering vehicle,,Russia,2,,,,,,,,1.0,,,1.0,,
Engineering Vehicles And Equipment,PTS-2  tracked amphibious transport,,the Soviet Union,16,3.0,,4.0,,,,1.0,,,,8.0,,
Engineering Vehicles And Equipment,BMK-130M/BMK-150 towing and motor boat,,the Soviet Union,1,,,1.0,,,,,,,,,,
Engineering Vehicles And Equipment,BMK-460 towing and motor boat,,the Soviet Union,9,7.0,,,,,,,,,,2.0,,
Engineering Vehicles And Equipment,BMK-MT towing and motor boat,,the Soviet Union,2,,,,,,,,,,,2.0,,
Engineering Vehicles And Equipment,BMK-MO towing and motor boat,,the Soviet Union,3,,,1.0,,,1.0,,1.0,,,,,
Engineering Vehicles And Equipment,EOV-3521 excavator,,Russia,28,,,1.0,,,2.0,1.0,,,,24.0,,
Engineering Vehicles And Equipment,EOV-3523 excavator,,Russia,22,,,3.0,,,,,,,,19.0,,
Engineering Vehicles And Equipment,EOV-4421 excavator,,the Soviet Union,11,,,1.0,,,2.0,,,,,8.0,,
Engineering Vehicles And Equipment,KamAZ-5350 with KS-45719-7M crane,,Russia,8,,,2.0,,,1.0,,,,,5.0,,
Engineering Vehicles And Equipment,Ural-4320 with KS-3574M3 or KS-3574M crane,,Russia,4,,,1.0,,,,,,,,3.0,,
Engineering Vehicles And Equipment,Ural-375D with 8T210 crane,,Russia,1,,,1.0,,,,,,,,,,
Engineering Vehicles And Equipment,KamAZ-63501 with KS-55729-7M 32-ton crane,,Russia,1,,,,,,,,,,,1.0,,
Engineering Vehicles And Equipment,KMV-10V boom crane truck,,Russia,8,,,3.0,,,,,,,,5.0,,
Engineering Vehicles And Equipment,ED2x30-T400-3RA mobile generator,,Russia,2,,,,,,1.0,,,,,1.0,,
Engineering Vehicles And Equipment,Mobile generator for Podlet-K1 low-altitude S-band surveillance radar,,Russia,1,,,,,,,,,,,1.0,,
Engineering Vehicles And Equipment,5I57(A) diesel power plant or 63T6A converter,,the Soviet Union,4,,,,,,,,,,,4.0,,
Engineering Vehicles And Equipment,I-613M mobile power supply station,,Russia,1,,,,,,,,,,,1.0,,
Engineering Vehicles And Equipment,MTO-UB1 maintenance vehicle,,Russia,3,,,2.0,,,,,,,,1.0,,
Engineering Vehicles And Equipment,MTO-UB2 maintenance vehicle,,Russia,1,,,,,,,,,,,1.0,,
Engineering Vehicles And Equipment,MTO-AT mobile workshop,,Russia,5,,,,,,,,1.0,,,4.0,,
Engineering Vehicles And Equipment,MTO-AG-3M mobile workshop,,Russia,3,,,,,,,,,,,3.0,,
Engineering Vehicles And Equipment,MRS-BT tank repair workshop,,Russia,4,,,,,,,,,,,4.0,,
Engineering Vehicles And Equipment,ARS-14 decontamination and degassing vehicle,,Russia,3,,,2.0,,,,,,,,1.0,,
Engineering Vehicles And Equipment,ISDM Zemledeliye remote mine-laying system,,Russia,7,,,,,,,,,,,7.0,,
Engineering Vehicles And Equipment,ZiL-131 UMZ mine laying vehicle,,Russia,2,,,,,,,,,,,2.0,,
Engineering Vehicles And Equipment,TDA-3 mobile smoke generator,,the Soviet Union,3,,,1.0,,,,,,,,2.0,,
Engineering Vehicles And Equipment,MZA-M.1 battery charge and repair workshop,,the Soviet Union,2,,,1.0,,,,,,,,1.0,,
Engineering Vehicles And Equipment,KRVD temporary road deployment kit,,Russia,2,,,,,,,,,,,2.0,,
Engineering Vehicles And Equipment,MTU-20 bridge layer,,the Soviet Union,1,,,,,,,1.0,,,,,,
Engineering Vehicles And Equipment,MTU-72 bridge layer,,Russia,7,1.0,,1.0,,,,1.0,,,,4.0,,
Engineering Vehicles And Equipment,TMM-3 bridge layer,,the Soviet Union,27,1.0,,11.0,,,,,4.0,,,11.0,,
Engineering Vehicles And Equipment,Coastal link pontoon (for floating unified railway bridge-ribbon MLZh-VF-VT),,the Soviet Union,6,,,4.0,,,,,,,,2.0,,
Engineering Vehicles And Equipment,Transitional link pontoon (for floating unified railway bridge-ribbon MLZh-VF-VT),,the Soviet Union,2,,,1.0,,,,,,,,1.0,,
Engineering Vehicles And Equipment,River link pontoon (for floating unified railway bridge-ribbon MLZh-VF-VT),,the Soviet Union,3,,,,,,,,,,,3.0,,
Engineering Vehicles And Equipment,River link pontoon (for PP/91-2005 floating bridge system),,the Soviet Union,27,,,9.0,,,1.0,,,,,17.0,,
Engineering Vehicles And Equipment,KamAZ-53501 (for PMP-M floating bridge system),,the Soviet Union,3,,,,,,,,,,,3.0,,
Engineering Vehicles And Equipment,KamAZ 8x8 (for PP-2005 floating bridge system),,the Soviet Union,22,,,5.0,,,1.0,,,,,16.0,,
Engineering Vehicles And Equipment,River link pontoon (for PMP(-M) floating bridge system),,the Soviet Union,45,1.0,,5.0,,,19.0,1.0,,,,19.0,,
Engineering Vehicles And Equipment,River link pontoon (for unknown floating bridge system),,the Soviet Union,16,,,9.0,,,4.0,,,,,3.0,,
Engineering Vehicles And Equipment,Coastal link pontoon (for PP-2005 floating bridge system),,the Soviet Union,3,,,1.0,,,,,,,,2.0,,
Engineering Vehicles And Equipment,Coastal link pontoon (for unknown floating bridge system),,the Soviet Union,3,,,2.0,,,1.0,,,,,,,
Engineering Vehicles And Equipment,River link pontoon (for PP-2005 floating bridge system),,the Soviet Union,11,,,1.0,,,2.0,,,,,8.0,,
Engineering Vehicles And Equipment,Ural-4320 (for PMP floating bridge system),,the Soviet Union,6,1.0,,1.0,,,,,,,,4.0,,
Engineering Vehicles And Equipment,KrAZ-255 (for PMP floating bridge system),,the Soviet Union,9,,,,,,,1.0,,,,8.0,,
Engineering Vehicles And Equipment,Coastal link pontoon (for PMP(-M) floating bridge system),,the Soviet Union,3,,,1.0,,,,,,,,2.0,,
Unmanned Ground Vehicles,Uran-6 mine-clearing robotic system,,Russia,1,,,,,,,,,,,1.0,,
Unmanned Ground Vehicles,Kuryer armed UGV,,Russia,4,,,,,,,,,,,4.0,,
Unmanned Ground Vehicles,Impulse-M universal tracked platform,,Russia,1,,,,,,,,,,,1.0,,
Self-Propelled Anti-Tank Missile Systems,9P148 Konkurs,,the Soviet Union,5,,,,,,,,,,,5.0,,
Self-Propelled Anti-Tank Missile Systems,9P149 Shturm-S,,the Soviet Union,39,4.0,,19.0,,,1.0,,1.0,,,14.0,,
Self-Propelled Anti-Tank Missile Systems,9K132 Shturm-SM,,Russia,1,,,,,,,,,,,1.0,,
Self-Propelled Anti-Tank Missile Systems,9P163M-1 Kornet-T,,Russia,2,,,,,,,,,,,2.0,,
Artillery Support Vehicles And Equipment,1V110 BM-21 Grad battery command vehicle,,the Soviet Union,2,,,1.0,1.0,,,,,,,,,
Artillery Support Vehicles And Equipment,1V12(M) 'Mashina-S'/'Faltset' fire control system,,the Soviet Union,3,,,,,,,,,,,3.0,,
Artillery Support Vehicles And Equipment,1V13(M) battery fire control center,,the Soviet Union,25,,2.0,13.0,,,,,1.0,,,9.0,,
Artillery Support Vehicles And Equipment,1V14 battery command and forward observer vehicle,,the Soviet Union,20,1.0,,11.0,,,,,1.0,,,7.0,,
Artillery Support Vehicles And Equipment,1V15M fire control and observation vehicle,,the Soviet Union,2,,,,,,,,,,,2.0,,
Artillery Support Vehicles And Equipment,1V16 battalion fire direction vehicle,,the Soviet Union,1,,,1.0,,,,,,,,,,
Artillery Support Vehicles And Equipment,1V18 'Klyon-1' artillery command and forward observer vehicle,,the Soviet Union,6,,,,,,,,,,,6.0,,
Artillery Support Vehicles And Equipment,1V119 artillery fire direction vehicle,,the Soviet Union,12,,,7.0,,,,,1.0,,,4.0,,
Artillery Support Vehicles And Equipment,1V1003 command and observation vehicle (for 1V198 artillery fire control system),,Russia,1,,,1.0,,,,,,,,,,
Artillery Support Vehicles And Equipment,Unknown artillery command vehicle based on MT-LBu,,the Soviet Union,1,,,1.0,,,,,,,,,,
Artillery Support Vehicles And Equipment,9T452 transporter-loader (for BM-27 Uragan MRL),,the Soviet Union,49,,,12.0,,,,,,,,37.0,,
Artillery Support Vehicles And Equipment,TZM 9T234-2 transporter-loader (for BM-30 Smerch),,the Soviet Union,1,,,,,,,,,,,1.0,,
Artillery Support Vehicles And Equipment,TZM-T reloader vehicle (for TOS-1A),,Russia,8,,1.0,4.0,,,,,,,,3.0,,
Artillery Support Vehicles And Equipment,1Zh3 PRP-3 'Val' artillery reconnaissance vehicle,,the Soviet Union,1,,,,,,,,,,,1.0,,
Artillery Support Vehicles And Equipment,PRP-4(M) artillery reconnaissance vehicle,,the Soviet Union,4,,,,,,,,,,,4.0,,
Artillery Support Vehicles And Equipment,PRP-4A Argus artillery reconnaissance vehicle,,Russia,4,,,1.0,,,,,,,,3.0,,
Towed Artillery,82mm 2B9 Vasilek automatic gun mortar,,the Soviet Union,21,,,6.0,,,1.0,,1.0,,,13.0,,
Towed Artillery,100mm MT-12 anti-tank gun,,the Soviet Union,39,,,8.0,,,7.0,,,,,24.0,,
Towed Artillery,120mm 2B16 Nona-K gun mortar,,the Soviet Union,16,2.0,,7.0,,,3.0,,1.0,,,3.0,,
Towed Artillery,122mm howitzer M1938 (M-30),,the Soviet Union,1,,,,,,1.0,,,,,,,
Towed Artillery,122mm D-30 howitzer,,the Soviet Union,146,2.0,,27.0,,,44.0,,1.0,,,72.0,,
Towed Artillery,130mm M-46 field gun,,the Soviet Union,3,,,,,,,,,,,3.0,,
Towed Artillery,152mm D-20 gun-howitzer,,the Soviet Union,50,,,2.0,,,13.0,,,,,35.0,,
Towed Artillery,152mm 2A65 Msta-B howitzer,,the Soviet Union,124,1.0,,31.0,,,14.0,,4.0,,,73.0,,
Towed Artillery,152mm 2A36 Giatsint-B field-gun,,the Soviet Union,58,,,8.0,,,8.0,,2.0,,,40.0,,
Towed Artillery,Unknown towed artillery,,Russia,14,,,,,,2.0,,,,,12.0,,
Self-Propelled Artillery,120mm 2S9 Nona,,the Soviet Union,82,,,5.0,,,4.0,,,,,73.0,,
Self-Propelled Artillery,120mm 2S23 Nona-SVK,,Russia,12,,,3.0,,,,,,,,9.0,,
Self-Propelled Artillery,120mm 2S34 Khosta,,Russia,4,,,2.0,,,,,,,,2.0,,
Self-Propelled Artillery,122mm 2S1 Gvozdika,,the Soviet Union,160,1.0,,8.0,,,3.0,,,,,148.0,,
Self-Propelled Artillery,152mm 2S3(M) Akatsiya,,the Soviet Union,190,2.0,,31.0,,,8.0,1.0,,,,148.0,,
Self-Propelled Artillery,152mm 2S5 Giatsint-S,,the Soviet Union,86,,,6.0,,,8.0,,,,,72.0,,
Self-Propelled Artillery,152mm 2S19 Msta-S,,the Soviet Union,242,2.0,2.0,34.0,,,14.0,1.0,1.0,,,188.0,,
Self-Propelled Artillery,152mm 2S33 Msta-SM2,,Russia,53,,,17.0,,,3.0,,1.0,,,32.0,,
Self-Propelled Artillery,152mm 2S43 Malva,,Russia,3,,,,,,1.0,,,,,2.0,,
Self-Propelled Artillery,170mm M-1989 Koksan (Chuch'ep'o),,North Korea,1,,,,,,,,,,,1.0,,
Self-Propelled Artillery,203mm 2S7(M) Pion/Malka,,the Soviet Union,35,,,1.0,,,5.0,,,,,29.0,,
Self-Propelled Artillery,240mm 2S4 Tyulpan,,the Soviet Union,60,,,,,,3.0,,,,,57.0,,
Self-Propelled Artillery,Unknown SPG,,Russia,22,,,,,,3.0,,,,,19.0,,
Multiple Rocket Launchers,122mm BM-21 Grad,,the Soviet Union,292,2.0,1.0,32.0,,,21.0,,4.0,,,232.0,,
Multiple Rocket Launchers,122mm 9P138 Grad-1,,the Soviet Union,33,,,,,,5.0,,1.0,,,27.0,,
Multiple Rocket Launchers,122mm 9P139 (for 9K55 'Grad-1'),,the Soviet Union,2,,,,,,,,,,,2.0,,
Multiple Rocket Launchers,122mm 2B26 Grad-K,,Russia,8,,,,,,1.0,,,,,7.0,,
Multiple Rocket Launchers,122mm 2B17 Tornado-G,,Russia,22,,,6.0,,,3.0,,2.0,,,11.0,,
Multiple Rocket Launchers,MT-LB with 140mm Ogon-18 MRLS,,Russia,2,,,,,,1.0,,,,,1.0,,
Multiple Rocket Launchers,T-72 hull with 213mm RBU-6000 MRLS,,Russia,1,,,,,,,,,,,1.0,,
Multiple Rocket Launchers,MT-LB with 213mm RBU-6000 MRLS,,Russia,2,,,,,,,,,,,2.0,,
Multiple Rocket Launchers,Ural-4320 with 213mm RBU-6000 MRLS,,Russia,3,,,,,,,,,,,3.0,,
Multiple Rocket Launchers,220mm TOS-1A,,Russia,31,,,1.0,,,6.0,,2.0,,,22.0,,
Multiple Rocket Launchers,TOS-2 'Tosochka',,Russia,2,,,,,,1.0,,,,,1.0,,
Multiple Rocket Launchers,220mm BM-27 Uragan,,the Soviet Union,96,,,6.0,2.0,,5.0,,,,,83.0,,
Multiple Rocket Launchers,300mm BM-30 Smerch,,the Soviet Union,2,,,,,,,,,,,2.0,,
Multiple Rocket Launchers,220mm 9K57-1 'Uragan-1',,Russia,1,,,,,,,,,,,1.0,,
Multiple Rocket Launchers,Unknown MRLS,,Russia,4,,,,,,,,,,,4.0,,
Anti-Aircraft Guns,23mm ZU-23-2,,the Soviet Union,20,,,14.0,,,,,1.0,,,5.0,,
Anti-Aircraft Guns,57mm AZP S-60,,the Soviet Union,3,,,,,,,,,,,3.0,,
Anti-Aircraft Guns,Ural-4320 with 23mm ZU-23-2,,Russia,14,,,1.0,,,,,,,,13.0,,
Anti-Aircraft Guns,Ural-4320 with 57mm AZP S-60,,Russia,17,,,,,,1.0,,,,,16.0,,
Anti-Aircraft Guns,Ural-43206 with 23mm ZU-23-2,,Russia,2,,,,,,,,,,,2.0,,
Anti-Aircraft Guns,KamAZ 6x6 with 23mm ZU-23-2,,Russia,6,,,2.0,,,,,,,,4.0,,
Self-Propelled Anti-Aircraft Guns,BTR-ZD Skrezhet,,the Soviet Union,3,,,1.0,,,,,,,,2.0,,
Self-Propelled Anti-Aircraft Guns,ZSU-23-4 Shilka,,the Soviet Union,9,1.0,,4.0,,,,,1.0,,,3.0,,
Self-Propelled Anti-Aircraft Guns,2K22M1 Tunguska,,Russia,15,,5.0,1.0,,,2.0,1.0,,,,6.0,,
Surface-To-Air Missile Systems,9K33 Osa,,the Soviet Union,31,,,4.0,,,5.0,1.0,,,,21.0,,
Surface-To-Air Missile Systems,9K35 Strela-10,,the Soviet Union,55,2.0,,4.0,,,4.0,,,,,45.0,,
Surface-To-Air Missile Systems,9K334 Gibka-S,,Russia,1,,,,,,,,,,,1.0,,
Surface-To-Air Missile Systems,9A310M1-2 TELAR (for Buk-M1-2),,Russia,41,,,,,,8.0,,,,,33.0,,
Surface-To-Air Missile Systems,9A39M1-2 TEL (for Buk-M1-2),,Russia,11,,,,,,2.0,,,,,9.0,,
Surface-To-Air Missile Systems,9A317 TELAR (for Buk-M2),,Russia,18,,,1.0,,,2.0,,,,,15.0,,
Surface-To-Air Missile Systems,9A316 TEL (for Buk-M2),,Russia,12,,,3.0,,,,,,,,9.0,,
Surface-To-Air Missile Systems,9A317M TELAR (for Buk-M3),,Russia,14,,,,,,3.0,,,,,11.0,,
Surface-To-Air Missile Systems,Unknown Buk M1-2/M2/M3 TEL(AR),,Russia,21,,,,,,3.0,,,,,18.0,,
Surface-To-Air Missile Systems,9A330 TLAR (for 9K330 Tor),,the Soviet Union,11,,,4.0,,,2.0,,3.0,,,2.0,,
Surface-To-Air Missile Systems,9A331 TLAR (for 9K331 Tor-M1),,Russia,13,,1.0,1.0,,,1.0,,,,,10.0,,
Surface-To-Air Missile Systems,9A331M TLAR (for 9K332 Tor-M2),,Russia,32,1.0,,2.0,,,15.0,,,,,14.0,,
Surface-To-Air Missile Systems,9K331MDT TLAR Tor-M2DT,,Russia,2,,,,,,,,,,,2.0,,
Surface-To-Air Missile Systems,9A331MU TLAR for 9K331MU Tor-M1-2U (Tor-M2U),,Russia,1,,,,,,,,,,,1.0,,
Surface-To-Air Missile Systems,Pongae M-2020,,North Korea,1,,,,,,1.0,,,,,,,
Surface-To-Air Missile Systems,Unknown Tor TLAR,,Russia,7,,,,,,4.0,,,,,3.0,,
Surface-To-Air Missile Systems,Pantsir-S1,,Russia,33,,1.0,2.0,,,4.0,,,,,26.0,,
Surface-To-Air Missile Systems,5P85SD/SM (launcher for S-300 PMU(-1)),,the Soviet Union,3,,,,,,,,,,,3.0,,
Surface-To-Air Missile Systems,9A83M2 TELAR (for S-300V4),,Russia,5,,,,,,,,,,,5.0,,
Surface-To-Air Missile Systems,9A84-2 TEL (for S-300V4),,Russia,2,,,,,,,,,,,2.0,,
Surface-To-Air Missile Systems,9A85-2 transloader (for S-300V4),,Russia,1,,,,,,,,,,,1.0,,
Surface-To-Air Missile Systems,50P6E TEL (for S-350),,Russia,1,,,,,,1.0,,,,,,,
Surface-To-Air Missile Systems,5P85T2 (launcher for S-400),,Russia,1,,,,,,,,,,,1.0,,
Surface-To-Air Missile Systems,5P85SM2-01 (launcher for S-400),,Russia,11,,,,,,,,,,,11.0,,
Surface-To-Air Missile Systems,51P6 TEL (launcher for 40R6 S-400 'Triumf'),,Russia,1,,,,,,,,,,,1.0,,
Surface-To-Air Missile Systems,Launcher for S-300 or S-400,,Russia,1,,,,,,1.0,,,,,,,
Surface-To-Air Missile Systems,Launcher for S-400,,Russia,4,,,,,,,,,,,4.0,,
Surface-To-Air Missile Systems,Unknown SAM system,,Russia,1,,,,,,,,,,,1.0,,
Radars,9S36 (for Buk-M2),,Russia,6,,,1.0,,,1.0,,,,,4.0,,
Radars,9S18 Kupol (for Buk-M1-2/M2),,Russia,3,,,,,,1.0,,,,,2.0,,
Radars,9S18М1(-2) (for Buk-M2),,Russia,1,,,1.0,,,,,,,,,,
Radars,9S18М1(-3) (for Buk-M3),,Russia,1,,,,,,,,,,,1.0,,
Radars,9S36M (for Buk-M3),,Russia,5,,,,,,,,,,,5.0,,
Radars,9S32M1 (for S-300V),,Russia,2,,,,,,2.0,,,,,,,
Radars,9S19M2 (for S-300V),,Russia,1,,,,,,1.0,,,,,,,
Radars,5N63S “Flap Lid B” engagement and tracking radar of the S-300,,the Soviet Union,2,,,,,,,,,,,2.0,,
Radars,91N6A surveillance and tracking radar (for 40R6 S-400 'Triumf'),,Russia,1,,,,,,1.0,,,,,,,
Radars,92N6A engagement radar (for S-400),,Russia,5,,,,,,2.0,,,,,3.0,,
Radars,96L6-TsP acquisition radar (for S-400/S-500),,Russia,4,,,,,,,,,,,4.0,,
Radars,PPRU-1(M) '9S80(-1)' 'Sborka' (for 9K35 Strela-10),,Russia,2,,,1.0,,,,,,,,1.0,,
Radars,Repeynik portable counter-UAS radar,,Russia,1,,,,,,,,,,,1.0,,
Radars,Fara ground surveillance radar,,Russia,4,,,3.0,,,,,,,,1.0,,
Radars,1L271 Aistyonok portable mortar locating reconnaissance radar,,Russia,3,,,1.0,,,,,,,,2.0,,
Radars,Sobolyatnik 1L277 portable ground reconnaissance radar,,Russia,1,,,,,,,,,,,1.0,,
Radars,SNAR-10M1 battlefield surveillance radar,,Russia,5,,,1.0,,,2.0,,,,,2.0,,
Radars,1L259 (for Zoopark-1 counter-battery radar complex),,Russia,8,,,,,,3.0,,,,,5.0,,
Radars,1L261 (for 1L260 Zoopark-1M counter-battery radar complex),,Russia,16,,,2.0,,,6.0,,,,,8.0,,
Radars,P-18T surveillance radar,,Russia,1,,,,,,,,,,,1.0,,
Radars,P-18-2 2D VHF surveillance radar,,Russia,4,,,,,,,,,,,4.0,,
Radars,1RL131-2 P-18-2 'Prima' early warning radar,,Russia,1,,,,,,,,,,,1.0,,
Radars,48Ya6-K1 Podlet-K1 low-altitude S-band surveillance radar,,Russia,6,,,,,,3.0,,,,,3.0,,
Radars,1L119 Nebo-SVU VHF multi-functional radar,,Russia,3,,,,,,1.0,,,,,2.0,,
Radars,55Zh6U Nebo-U air surveillance radar,,Russia,2,,,,,,2.0,,,,,,,
Radars,1RL239 Ark-1(M) counter-battery radar,,the Soviet Union,1,,,,,,,,,,,1.0,,
Radars,36D6 ST-68U surveillance radar,,the Soviet Union,1,,,,,,1.0,,,,,,,
Radars,"1K148 ""Yastreb-AV"" artillery reconnaissance complex",,Russia,5,,,,,,1.0,,,,,4.0,,
Radars,Predel coastal defence radar,,Russia,1,,,,,,,,,,,1.0,,
Radars,Antenna vehicle (for 51U6 'Kasta-2E1' surveillance radar,,Russia,1,,,,,,,,,,,1.0,,
Radars,Antenna vehicle based on Ural-4320 for 35N6 'Kasta' surveillance radar,,Russia,1,,,,,,,,,,,1.0,,
Radars,Early warning SHF radar Voronezh DM,,Russia,2,,,,,,2.0,,,,,,,
Radars,39N6 'Kasta-2E2' surveillance radar,,Russia,1,,,,,,1.0,,,,,,,
Radars,1B44-1 (for RPMK-1 'Ulybka' radiosonde weather radar),,Russia,1,,,,,,,,,,,1.0,,
Radars,Unknown radar,,Russia,3,,,,,,,,,,,3.0,,
Jammers And Deception Systems,R-325BMV jamming station,,Russia,1,,,,,,,,,,,1.0,,
Jammers And Deception Systems,R-330BMV jamming station (for Borisoglebsk-2),,Russia,10,,,1.0,,,,,,,,9.0,,
Jammers And Deception Systems,R-330BMV and R-394BMV Borisoglebsk-2B,,Russia,9,,,1.0,,,2.0,,,,,6.0,,
Jammers And Deception Systems,R-330ZH Zhitel,,Russia,23,,,,,,5.0,,,,,18.0,,
Jammers And Deception Systems,R-330M1P Diabazol,,Russia,1,,,,,,,,,,,1.0,,
Jammers And Deception Systems,R-934UM,,Russia,1,,,,,,,,,,,1.0,,
Jammers And Deception Systems,R-934B 'Sinitsa' automated jamming station,,Russia,10,,,,,,2.0,,,,,8.0,,
Jammers And Deception Systems,1L262E Rtut-BM,,Russia,1,,,,,,,,,,,1.0,,
Jammers And Deception Systems,Support vehicle (for 'Torn(-MDM)' signals intelligence system),,Russia,1,,,1.0,,,,,,,,,,
Jammers And Deception Systems,Command post (for 'Torn(-MDM)' signals intelligence system),,Russia,1,,,1.0,,,,,,,,,,
Jammers And Deception Systems,Silok-01 counter-UAV system,,Russia,5,,,1.0,,,1.0,,,,,3.0,,
Jammers And Deception Systems,Strizh-3 counter-UAV system,,Russia,1,,,,,,,,,,,1.0,,
Jammers And Deception Systems,1RL257 Krasukha-4 (command post),,Russia,1,,,1.0,,,,,,,,,,
Jammers And Deception Systems,Leer-2 electronic warfare system,,Russia,6,,,,,,1.0,,,,,5.0,,
Jammers And Deception Systems,Leer-3 electronic warfare system,,Russia,3,,,2.0,,,,,,,,1.0,,
Jammers And Deception Systems,RLK-MC-A (ROSC-1) counter-UAV system,,Russia,2,,,,,,,,,,,2.0,,
Jammers And Deception Systems,RB-636 Svet-KU EW system,,Russia,2,,,1.0,,,1.0,,,,,,,
Jammers And Deception Systems,RB-636AM2 Svet-KU EW system,,Russia,3,,,,,,1.0,,,,,2.0,,
Jammers And Deception Systems,Palantin EW system,,Russia,3,,,,,,,,,,,3.0,,
Jammers And Deception Systems,RP-377LA Lorandit,,Russia,2,,,,,,,,,,,2.0,,
Jammers And Deception Systems,RB-109A Bylina EW system,,Russia,1,,,,,,,,,,,1.0,,
Jammers And Deception Systems,Sapfir anti-drone system,,Russia,1,,,,,,,,,,,1.0,,
Jammers And Deception Systems,Unknown EW system,,Russia,3,,,,,,,,,,,3.0,,
Aircraft,MiG-31BM fighter aircraft,,Russia,3,,,,,,,,,,,2.0,1.0,
Aircraft,Su-25 close air support aircraft,,the Soviet Union,41,,,,,,2.0,,,2.0,,34.0,3.0,
Aircraft,Su-24M strike aircraft,,the Soviet Union,3,,,,,,,,,,,2.0,1.0,
Aircraft,Su-24MR tactical reconnaissance aircraft,,the Soviet Union,1,,,,,,,,,,,1.0,,
Aircraft,Su-24M/MR strike/tactical reconnaissance aircraft,,the Soviet Union,10,,,,,,2.0,,,1.0,,6.0,1.0,
Aircraft,Su-27 strike aircraft,,the Soviet Union,3,,,,,,1.0,,,,,2.0,,
Aircraft,Su-30SM multirole aircraft,,Russia,13,,,,,,,,,1.0,,12.0,,
Aircraft,Su-34 strike aircraft,,Russia,37,,,,,,5.0,,,,,28.0,4.0,
Aircraft,Su-34M strike aircraft,,Russia,1,,,,,,,,,,,1.0,,
Aircraft,Su-35S multirole aircraft,,Russia,8,,,,,,,,,,,8.0,,
Aircraft,Su-57 Stealth multirole fighter,,Russia,1,,,,,,1.0,,,,,,,
Aircraft,Unknown fighter jet,,Russia,3,,,,,,1.0,,,,,2.0,,
Aircraft,Tu-22M3 strategic bomber,,the Soviet Union,11,,,,,,3.0,,,,,8.0,,
Aircraft,Tu-95MS strategic bomber,,the Soviet Union,9,,,,,,2.0,,,,,7.0,,
Aircraft,Il-22 airborne command post,,the Soviet Union,3,,,,,,1.0,,,1.0,,1.0,,
Aircraft,Beriev A-50,,the Soviet Union,2,,,,,,,,,,,2.0,,
Aircraft,Beriev Be-200 amphibious flying boat,,Russia,1,,,,,,1.0,,,,,,,
Aircraft,An-12 transport aircraft,,the Soviet Union,1,,,,,,,,,,,1.0,,
Aircraft,An-26 transport aircraft,,the Soviet Union,1,,,,,,,,,,,,1.0,
Aircraft,Il-76 transport aircraft,,the Soviet Union,6,,,,,,1.0,,,2.0,,3.0,,
Helicopters,Mi-8 transport helicopter,,Russia,43,,1.0,,,,11.0,,,1.0,1.0,28.0,1.0,
Helicopters,Mi-8MTPR-1 electronic warfare helicopter,,Russia,6,,,,,,1.0,,,,,5.0,,
Helicopters,Mi-24P attack helicopter,,the Soviet Union,4,,,,,,,,,,,4.0,,
Helicopters,Mi-24V/P/35M attack helicopter,,Russia,4,,,,,,2.0,,,,,2.0,,
Helicopters,Mi-28 attack helicopter,,Russia,17,,,,,,4.0,,,1.0,,12.0,,
Helicopters,Ka-29 naval attack helicopter,,the Soviet Union,1,,,,,,,,,,,1.0,,
Helicopters,Mi-35M attack helicopter,,Russia,10,,,,,,1.0,,,,,9.0,,
Helicopters,Ka-52 Alligator attack helicopter,,Russia,64,,2.0,,,,13.0,,1.0,,,47.0,1.0,
Helicopters,Unknown helicopter,,Russia,7,,,,,,,,,,,7.0,,
Unmanned Combat Aerial Vehicles,Orion,,Russia,9,,,,,,,,,,,9.0,,
Unmanned Combat Aerial Vehicles,Korsar,,Russia,1,,,,,,,,,,,1.0,,
Unmanned Combat Aerial Vehicles,Forpost-RU,,Russia,1,,,,,,,,,,,1.0,,
Unmanned Combat Aerial Vehicles,Mohajer-6,,Iran,3,,,,,,1.0,,,,,2.0,,
Unmanned Combat Aerial Vehicles,Orlan-10 UCAV,,Russia,3,,,2.0,,,,,,,,1.0,,
Unmanned Combat Aerial Vehicles,Eleron T-16,,Russia,1,,,1.0,,,,,,,,,,
Unmanned Combat Aerial Vehicles,Sukhoi S-70 Okhotnik-B,,Russia,1,,,,,,,,,,,1.0,,
Reconnaissance Unmanned Aerial Vehicles,Forpost,,Israel,5,,,,,,,,,,,4.0,1.0,
Reconnaissance Unmanned Aerial Vehicles,Orlan-10,,Russia,208,,,84.0,,,,,,,,124.0,,
Reconnaissance Unmanned Aerial Vehicles,Orlan-10 jamming UAV,,Russia,7,,,4.0,,,,,,,,3.0,,
Reconnaissance Unmanned Aerial Vehicles,Ptero-G0 'Kartograf',,Russia,20,,,3.0,,,,,1.0,,,16.0,,
Reconnaissance Unmanned Aerial Vehicles,Orlan-30,,Russia,22,,,10.0,,,,,,,,12.0,,
Reconnaissance Unmanned Aerial Vehicles,Granat-3,,Russia,1,,,,,,,,,,,1.0,,
Reconnaissance Unmanned Aerial Vehicles,Granat-4,,Russia,9,,,3.0,,,,,,,,6.0,,
Reconnaissance Unmanned Aerial Vehicles,Eleron-3,,Russia,38,,,24.0,,,,,,,,14.0,,
Reconnaissance Unmanned Aerial Vehicles,Eleron-3SV,,Russia,1,,,,,,,,,,,1.0,,
Reconnaissance Unmanned Aerial Vehicles,Eleron-10,,Russia,4,,,3.0,,,,,,,,1.0,,
Reconnaissance Unmanned Aerial Vehicles,Eleron T28ME,,Russia,17,,,10.0,,,,,,,,7.0,,
Reconnaissance Unmanned Aerial Vehicles,Takhion,,Russia,7,,,5.0,,,,,,,,2.0,,
Reconnaissance Unmanned Aerial Vehicles,ZALA Z-16 (421-16Е),,Russia,168,1.0,,37.0,,,,,,,,130.0,,
Reconnaissance Unmanned Aerial Vehicles,ZALA 421-16ЕM,,Russia,2,,,2.0,,,,,,,,,,
Reconnaissance Unmanned Aerial Vehicles,ZALA Z-20,,Russia,2,,,,,,,,,,,2.0,,
Reconnaissance Unmanned Aerial Vehicles,Merlin-VR,,Russia,12,,,6.0,,,,,,,,6.0,,
Reconnaissance Unmanned Aerial Vehicles,Lastochka-M,,Russia,1,,,1.0,,,,,,,,,,
Reconnaissance Unmanned Aerial Vehicles,Supercam S150,,Russia,1,,,1.0,,,,,,,,,,
Reconnaissance Unmanned Aerial Vehicles,Supercam S350,,Russia,101,,,41.0,,,,,,,,60.0,,
Reconnaissance Unmanned Aerial Vehicles,'Albatros' M5 reconnaissance UAV,,Russia,2,,,1.0,,,,,,,,1.0,,
Reconnaissance Unmanned Aerial Vehicles,SKAT 350M,,Russia,12,,,5.0,,,,,,,,7.0,,
Reconnaissance Unmanned Aerial Vehicles,Grifon-12,,Russia,1,,,1.0,,,,,,,,,,
Reconnaissance Unmanned Aerial Vehicles,Feniks,,Russia,15,,,8.0,,,,,,,,7.0,,
Naval Ships and Submarines,Project 1164 Slava-class guided missile cruiser,Moskva,the Soviet Union,1,,,,,,,,,,,,,1.0
Naval Ships and Submarines,Project 22800 Karakurt-class corvette,B-801 'Tsiklon',Russia,1,,,,,,,,,,,1.0,,
Naval Ships and Submarines,Project 22800 Karakurt-class corvette,B-802 'Askold',Russia,1,,,,,,,,,,,1.0,,
Naval Ships and Submarines,Project 636.3 Improved Kilo-class submarine,B-237 'Rostov-na-Donu',Russia,1,,,,,,,,,1.0,,,,
Naval Ships and Submarines,Project 03160 Raptor-class patrol boat,,Russia,5,,,,,,2.0,,,,,3.0,,
Naval Ships and Submarines,Project 02510 BK-16E high-speed assault boat,,Russia,1,,,,,,,,,,,1.0,,
Naval Ships and Submarines,Project 640 small patrol boat,,Russia,1,,,,,,,,,,,1.0,,
Naval Ships and Submarines,Project 1171 Tapir-class landing ship,BDK-65 'Saratov',the Soviet Union,1,,,,,,,,,,,1.0,,
Naval Ships and Submarines,Project 775 Ropucha-class landing ship,'Minsk',Poland,1,,,,,,,,,1.0,,,,
Naval Ships and Submarines,Project 775 Ropucha-class landing ship,BDK-46 'Novocherkassk',Poland,1,,,,,,,,,,,1.0,,
Naval Ships and Submarines,Project 775 Ropucha-class landing ship,BDK-64 'Caesar Kunikov',Poland,1,,,,,,,,,,,1.0,,
Naval Ships and Submarines,Project 11770 Serna-class landing craft,,Russia,2,,,,,,1.0,,,,,1.0,,
Naval Ships and Submarines,Project 1176 Ondatra-class landing craft,,the Soviet Union,1,,,,,,1.0,,,,,,,
Naval Ships and Submarines,Project 22870 rescue tug,SB-739 V'asily Bekh',Russia,1,,,,,,,,,,,1.0,,
Naval Ships and Submarines,Project 266M Natya-class minesweeper,,the Soviet Union,1,,,,,,1.0,,,,,,,
Naval Ships and Submarines,Project 12411 Tarantul-III-class corvette,Ivanovets,the Soviet Union,1,,,,,,,,,,,1.0,,
Naval Ships and Submarines,Project 22160 large patrol boat,Sergey Kotov,Russia,1,,,,,,,,,,,1.0,,
Naval Ships and Submarines,Stenka-class patrol boat,,the Soviet Union,1,,,,,,1.0,,,,,,,
Naval Ships and Submarines,Project KS-701 'Tunets' coast guard patrol boat,,Russia,3,,,,,,,,,,,3.0,,
Naval Ships and Submarines,Project 18280 'Yuri Ivanov' class reconnaissance ship,Ivan Khurs,Russia,1,,,,,,1.0,,,,,,,
Naval Ships and Submarines,T-43 class training vessel,UTS-150,the Soviet Union,1,,,,,,,,,,,1.0,,
"Trucks, Vehicles, Jeeps, and Trains",GAZ-51,,the Soviet Union,1,,,1.0,,,,,,,,,,
"Trucks, Vehicles, Jeeps, and Trains",GAZ-66,,the Soviet Union,86,,,13.0,,,,1.0,,,,72.0,,
"Trucks, Vehicles, Jeeps, and Trains",GAZ-3308,,Russia,31,2.0,,4.0,,,1.0,,,,,24.0,,
"Trucks, Vehicles, Jeeps, and Trains",GAZ Sobol,,Russia,3,1.0,,,,,,,,,,2.0,,
"Trucks, Vehicles, Jeeps, and Trains",GAZ-S41A23 'Sadko Next',,Russia,1,,,,,,,,,,,1.0,,
"Trucks, Vehicles, Jeeps, and Trains",KrAZ-255B,,the Soviet Union,9,,,1.0,,,1.0,,,,,7.0,,
"Trucks, Vehicles, Jeeps, and Trains",KrAZ-255B tanker,,the Soviet Union,11,,,,,,,,1.0,,,10.0,,
"Trucks, Vehicles, Jeeps, and Trains",KrAZ-260,,the Soviet Union,3,,,,,,,,,,,3.0,,
"Trucks, Vehicles, Jeeps, and Trains",KrAZ-260 tanker,,the Soviet Union,9,,,1.0,,,1.0,,,,,7.0,,
"Trucks, Vehicles, Jeeps, and Trains",ZiL-130,,the Soviet Union,2,,,,,,,,,,,2.0,,
"Trucks, Vehicles, Jeeps, and Trains",ZiL-131,,the Soviet Union,65,,,6.0,,,1.0,1.0,1.0,,,56.0,,
"Trucks, Vehicles, Jeeps, and Trains",ZiL-131 tanker,,the Soviet Union,6,,,1.0,,,,,,,,5.0,,
"Trucks, Vehicles, Jeeps, and Trains",2F77M transloading vehicle for 2K22M Tunguska-M,,Russia,1,,,,,,,,1.0,,,,,
"Trucks, Vehicles, Jeeps, and Trains",2F510 transport vehicle for 2S12 'Sani' mortar on Ural-43206 chassis,,Russia,11,,,,,,,,,,,11.0,,
"Trucks, Vehicles, Jeeps, and Trains",9T217 transloader (for 9K33 Osa),,the Soviet Union,5,,,2.0,,,,,,,,3.0,,
"Trucks, Vehicles, Jeeps, and Trains",9T244 transloader (for 9A330/1 Tor),,Russia,8,,,,,,,,2.0,,,6.0,,
"Trucks, Vehicles, Jeeps, and Trains",BAZ-69092 (for S-400),,Russia,3,,,,,,1.0,,,,,2.0,,
"Trucks, Vehicles, Jeeps, and Trains",APA-80 engine starting vehicle,,the Soviet Union,1,,,,,,,,,,,1.0,,
"Trucks, Vehicles, Jeeps, and Trains",APA-5D airfield starter vehicle,,the Soviet Union,2,,,,,,,,,,,2.0,,
"Trucks, Vehicles, Jeeps, and Trains",Ural-375D,,the Soviet Union,1,,,,,,,,,,,1.0,,
"Trucks, Vehicles, Jeeps, and Trains",Ural-375D tanker,,the Soviet Union,1,,,1.0,,,,,,,,,,
"Trucks, Vehicles, Jeeps, and Trains",Ural-4320,,Russia,1203,12.0,,140.0,,,29.0,4.0,12.0,,,1006.0,,
"Trucks, Vehicles, Jeeps, and Trains",Ural-4320 DKZ,,Russia,6,,,2.0,,,,,,,,4.0,,
"Trucks, Vehicles, Jeeps, and Trains",Ural-4320 tanker,,Russia,188,1.0,,65.0,,,1.0,,2.0,,,119.0,,
"Trucks, Vehicles, Jeeps, and Trains",Ural Avtozaks,,Russia,8,,,1.0,,,,,,,,7.0,,
"Trucks, Vehicles, Jeeps, and Trains",Ural-43206,,Russia,192,1.0,,37.0,,,5.0,3.0,2.0,,,144.0,,
"Trucks, Vehicles, Jeeps, and Trains",Ural Federal,,Russia,23,,,6.0,,,,,,,,17.0,,
"Trucks, Vehicles, Jeeps, and Trains",Ural-5323,,Russia,5,,,2.0,,,,,,,,3.0,,
"Trucks, Vehicles, Jeeps, and Trains",Ural-532301 with armoured cabin,,Russia,1,,,,,,,,,,,1.0,,
"Trucks, Vehicles, Jeeps, and Trains",Mobile field bathhouse PPB-32VU based on the Ural-53236,,Russia,2,,,1.0,,,,,,,,1.0,,
"Trucks, Vehicles, Jeeps, and Trains",PAK-200(M) mobile field kitchen based on Ural-4320,,Russia,1,,,,,,,,,,,1.0,,
"Trucks, Vehicles, Jeeps, and Trains",PAK-200(M) mobile field kitchen based on KamAZ 6x6,,Russia,4,,,1.0,,,,,,,,3.0,,
"Trucks, Vehicles, Jeeps, and Trains",Ural-6370-0121-30,,Russia,1,,,,,,,,,,,1.0,,
"Trucks, Vehicles, Jeeps, and Trains",Ural-63704-0010 Tornado-U,,Russia,39,1.0,,5.0,,,1.0,,1.0,,,31.0,,
"Trucks, Vehicles, Jeeps, and Trains",Ural-542301 tank transporter,,Russia,1,,,,,,,,,,,1.0,,
"Trucks, Vehicles, Jeeps, and Trains",Ural-63501-AT,,Russia,1,,,,,,,,,,,1.0,,
"Trucks, Vehicles, Jeeps, and Trains",MAZ-537,,the Soviet Union,1,,,,,,,,,,,1.0,,
"Trucks, Vehicles, Jeeps, and Trains",MAZ-5337 fuel tanker,,the Soviet Union,2,,,,,,,,1.0,,,1.0,,
"Trucks, Vehicles, Jeeps, and Trains",MAZ TZ-500 tanker,,the Soviet Union,3,,,,,,,,,,,3.0,,
"Trucks, Vehicles, Jeeps, and Trains",MAZ-531605,,Belarus,2,,,,,,,,,,,2.0,,
"Trucks, Vehicles, Jeeps, and Trains",MAZ 531605 tanker,,Belarus,5,,,,,,,,,,,5.0,,
"Trucks, Vehicles, Jeeps, and Trains",MAZ-63172,,Belarus,1,,,,,,,,,,,1.0,,
"Trucks, Vehicles, Jeeps, and Trains",KamAZ 4x4,,Russia,41,1.0,,4.0,,,1.0,,,,,35.0,,
"Trucks, Vehicles, Jeeps, and Trains",AS-4350 medical vehicle,,Russia,15,,,3.0,,,,,,,,12.0,,
"Trucks, Vehicles, Jeeps, and Trains",AS-4350.1 medical vehicle,,Russia,5,,,1.0,,,,,,,,4.0,,
"Trucks, Vehicles, Jeeps, and Trains",KamAZ 6x4,,Russia,5,,,2.0,,,,,,,,3.0,,
"Trucks, Vehicles, Jeeps, and Trains",KamAZ 6x6,,Russia,1135,10.0,,131.0,,,24.0,3.0,21.0,,,946.0,,
"Trucks, Vehicles, Jeeps, and Trains",KamAZ 6x6 tanker,,Russia,151,,,28.0,,,6.0,,2.0,,,115.0,,
"Trucks, Vehicles, Jeeps, and Trains",KamAZ-4385,,Russia,3,,,,,,,1.0,,,,2.0,,
"Trucks, Vehicles, Jeeps, and Trains",AP-2 mobile emergency room based on KamAZ 6x6,,Russia,2,,,2.0,,,,,,,,,,
"Trucks, Vehicles, Jeeps, and Trains",KamAZ Avtozaks,,Russia,21,1.0,,4.0,,,,,,,,16.0,,
"Trucks, Vehicles, Jeeps, and Trains",KamAZ 6x6 with armoured cabin,,Russia,20,,,6.0,,,2.0,,,,,12.0,,
"Trucks, Vehicles, Jeeps, and Trains",KamAZ with MM-501 armoured cabin,,Russia,34,2.0,,8.0,,,1.0,,1.0,,,22.0,,
"Trucks, Vehicles, Jeeps, and Trains",KamAZ 8x8,,Russia,20,,,5.0,,,,,,,,15.0,,
"Trucks, Vehicles, Jeeps, and Trains",KamAZ 8x8 tanker,,Russia,1,,,,,,,,,,,1.0,,
"Trucks, Vehicles, Jeeps, and Trains",KamAZ 8x8 with armoured cabin,,Russia,12,,,,,,,,,,,12.0,,
"Trucks, Vehicles, Jeeps, and Trains",KamAZ-6350 8x8 artillery tractor,,Russia,18,,,,,,2.0,,,,,16.0,,
"Trucks, Vehicles, Jeeps, and Trains",ATS-59G artillery tractor,,Russia,3,,,,,,,,,,,3.0,,
"Trucks, Vehicles, Jeeps, and Trains",KamAZ-65117,,Russia,1,,,,,,,,,,,1.0,,
"Trucks, Vehicles, Jeeps, and Trains",KamAZ low-loader,,Russia,8,,,,,,1.0,,,,,7.0,,
"Trucks, Vehicles, Jeeps, and Trains",KamAZ 'Gorets' 3958,,Russia,2,,,,,,,,1.0,,,1.0,,
"Trucks, Vehicles, Jeeps, and Trains",UAZ-469 jeep,,the Soviet Union,41,1.0,,11.0,,,1.0,,3.0,,,25.0,,
"Trucks, Vehicles, Jeeps, and Trains",UAZ-469RKh(B) CBRN reconnaissance and decontamination vehicle,,the Soviet Union,1,,,,,,,,,,,1.0,,
"Trucks, Vehicles, Jeeps, and Trains",UAZ-452 van,,the Soviet Union,129,1.0,,10.0,,,7.0,3.0,4.0,,,104.0,,
"Trucks, Vehicles, Jeeps, and Trains",UAZ-3303,,the Soviet Union,12,,,1.0,,,1.0,,,,,10.0,,
"Trucks, Vehicles, Jeeps, and Trains",LuAZ-969,,the Soviet Union,4,,,,,,,,1.0,,,3.0,,
"Trucks, Vehicles, Jeeps, and Trains",UAZ Patriot jeep,,Russia,7,,,1.0,,,1.0,,,,,5.0,,
"Trucks, Vehicles, Jeeps, and Trains",UAZ-3151,,Russia,2,,,,,,,,,,,2.0,,
"Trucks, Vehicles, Jeeps, and Trains",UAZ-3153,,Russia,1,,,,,,,,,,,1.0,,
"Trucks, Vehicles, Jeeps, and Trains",UAZ-31514,,Russia,1,,,1.0,,,,,,,,,,
"Trucks, Vehicles, Jeeps, and Trains",UAZ-23632 pickup truck,,Russia,12,,,3.0,,,2.0,,,,,7.0,,
"Trucks, Vehicles, Jeeps, and Trains",UAZ-23632-148-64 armed pickup truck,,Russia,9,,,,,,,,,,,9.0,,
"Trucks, Vehicles, Jeeps, and Trains",UAZ-394511 ‘Esaul’,,Russia,6,,,,,,1.0,,2.0,,,3.0,,
"Trucks, Vehicles, Jeeps, and Trains",UAZ-515195 'Esaul',,Russia,1,,,,,,,,,,,1.0,,
"Trucks, Vehicles, Jeeps, and Trains",UAZ-39094,,Russia,27,,,1.0,,,,,1.0,,,25.0,,
"Trucks, Vehicles, Jeeps, and Trains",BARS WTS001 pickup truck,,the People%27s Republic of China,1,,,1.0,,,,,,,,,,
"Trucks, Vehicles, Jeeps, and Trains",Unknown fuel tanker,,Russia,6,,,,,,,,,,,6.0,,
"Trucks, Vehicles, Jeeps, and Trains",fuel train tanks(s),,Russia,7,,,,,,,,,,,7.0,,
"Trucks, Vehicles, Jeeps, and Trains",(Unknown) truck,,Russia,275,1.0,,10.0,1.0,,9.0,4.0,,,,250.0,,
"Trucks, Vehicles, Jeeps, and Trains",(Unknown) vehicle,,Russia,63,,,,,,6.0,,,,,57.0,,
